n_users,PQSCAAS_mean,PQSCAAS_std,Sinha2026_mean,Sinha2026_std,Yu2021_mean,Yu2021_std,Bai2025_mean,Bai2025_std
100,1.203843,0.007381,159.392258,0.977204,40.588000,0.248837,25.367500,0.155523
1000,1.393239,0.013952,1598.729325,16.009723,407.104000,4.076752,254.440000,2.547970
10000,11.225303,0.055491,15853.458418,78.369216,4036.960000,19.956112,2523.100000,12.472570
100000,113.314124,0.324610,160033.157294,458.445995,40751.200000,116.739710,25469.500000,72.962319
500000,566.036738,5.821283,799411.787418,8221.377789,203564.000000,2093.509971,127227.500000,1308.443732

