n_records,PQSCAAS_mean,PQSCAAS_std,Yu2021_naive_mean,Yu2021_naive_std,Bai2025_naive_mean,Bai2025_naive_std,Sinha2026_naive_mean,Sinha2026_naive_std
100,3.393064,0.048659,65.070485,0.933149,10.916086,0.156543,1671.383408,23.968629
1000,33.790560,0.332252,648.018464,6.371767,108.710195,1.068914,16644.832320,163.663526
10000,338.857600,4.165776,6498.441624,79.889163,1090.164698,13.402036,166917.267200,2052.012092
100000,3397.960000,41.963218,65164.377900,804.749617,10931.836960,135.003078,1673795.120000,20670.587590
1000000,33974.160000,331.318443,651539.453400,6353.859433,109300.868160,1065.909898,16735271.520000,163203.566956

