n_revoked,Merkle_time_ms_mean,Merkle_time_ms_std,CRL_time_ms_mean,CRL_time_ms_std,Merkle_bw_KB_mean,Merkle_bw_KB_std,CRL_bw_KB_mean,CRL_bw_KB_std
1,0.000922,0.000011,0.000052,0.000001,0.062361,0.000725,0.031180,0.000363
10,0.003592,0.000039,0.000519,0.000006,0.155922,0.001709,0.311845,0.003418
100,0.006282,0.000075,0.005205,0.000062,0.250228,0.002977,3.127850,0.037210
1000,0.008958,0.000098,0.052035,0.000570,0.343981,0.003765,31.271000,0.342248
10000,0.012535,0.000143,0.520607,0.005945,0.469297,0.005359,312.865000,3.572713
100000,0.015215,0.000178,5.206614,0.060865,0.563215,0.006584,3128.975000,36.577563

