file_size_bytes,file_size_label,PQSCAAS_mean,PQSCAAS_std,Sinha2026_mean,Sinha2026_std,Yu2021_mean,Yu2021_std,Bai2025_mean,Bai2025_std
1024,1 KB,0.000657,0.001874,16.591910,0.462191,0.670309,0.018017,0.112054,0.002760
10240,10 KB,0.000926,0.003614,16.892750,0.453486,0.675891,0.018273,0.116648,0.003041
102400,100 KB,0.000928,0.003526,21.433340,0.478374,0.764960,0.018113,0.161939,0.002965
1048576,1 MB,0.000659,0.001735,67.657100,0.444055,2.069111,0.047673,0.624152,0.003127
10485760,10 MB,0.000650,0.001793,530.161862,1.032936,10.905266,0.018324,5.231475,0.002820
104857600,100 MB,0.000607,0.001600,5136.419150,0.500037,103.067367,0.018568,51.311745,0.003339

