n_requests,PQSCAAS_no_timeout_mean,PQSCAAS_no_timeout_std,PQSCAAS_with_timeout_mean,PQSCAAS_with_timeout_std,Sinha2026_mean,Sinha2026_std,Yu2021_mean,Yu2021_std,Bai2025_mean,Bai2025_std
10,0.019605,0.002642,0.003645,0.002642,162.074298,2.710813,7.108046,0.118887,1.105889,0.018497
45,0.019960,0.002822,0.009187,0.002822,765.983061,9.514921,30.824641,0.382899,5.154896,0.064033
120,0.020365,0.003397,0.012385,0.003397,2064.843270,27.565295,83.421436,1.113662,13.196871,0.176176
520,0.019270,0.002696,0.014482,0.002696,8884.480891,113.362382,363.877112,4.642925,57.442148,0.732939
1050,0.019780,0.003094,0.015391,0.003094,17723.005886,260.947274,707.459000,10.416376,116.118068,1.709681
5120,0.019975,0.002344,0.015985,0.002344,87959.248128,1171.440979,3374.873286,44.946551,609.071130,8.111607
10020,0.019165,0.002397,0.015175,0.002397,177702.710028,2544.935867,6953.546364,99.583904,1178.921809,16.883706

