n_requests,PQSCAAS_mean,PQSCAAS_std,Sinha2026_mean,Sinha2026_std,Yu2021_mean,Yu2021_std,Bai2025_mean,Bai2025_std
10,0.003871,0.000052,85.208260,1.149633,3.529364,0.047618,1.189876,0.016054
50,0.019339,0.000256,425.708464,5.631805,17.633032,0.233272,5.944733,0.078644
100,0.038690,0.000521,851.687357,11.471779,35.277265,0.475166,11.893242,0.160196
500,0.194954,0.002054,4291.512427,45.213288,177.756332,1.872754,59.928087,0.631373
1000,0.387214,0.004923,8523.738327,108.370747,353.056990,4.488764,119.028278,1.513325
5000,1.936163,0.028842,42620.771867,634.905350,1765.371114,26.298059,595.170436,8.866027
10000,3.876579,0.046040,85335.154038,1013.470831,3534.619608,41.978408,1191.648078,14.152439

